date,score
2019-7-1,41
2019-7-2,76
2019-7-3,69
2019-7-4,107
2019-7-5,62
2019-7-6,24
2019-7-7,35
2019-7-12,62
2019-7-13,89
2019-7-14,46
2019-7-15,91
2019-6-1,72
2019-6-2,94
2019-6-3,75
2019-6-4,87
2019-6-5,73
2019-6-6,74
2019-6-7,88
2019-6-8,70
2019-6-9,40
2019-6-10,68
2019-6-11,79
2019-6-14,47
2019-6-15,59
2019-6-17,73
2019-6-18,104
2019-6-19,105
2019-6-20,102
2019-6-25,118
2019-6-26,107
2019-6-27,105
2019-6-28,72
2019-6-29,52
2019-6-30,36
2019-5-1,42
2019-5-2,59
2019-5-3,82
2019-5-4,90
2019-5-5,56
2019-5-6,43
2019-5-7,52
2019-5-8,68
2019-5-9,66
2019-5-10,94
2019-5-11,117
2019-5-12,166
2019-5-13,58
2019-5-14,85
2019-5-15,133
2019-5-16,111
2019-5-17,124
2019-5-18,56
2019-5-19,64
2019-5-20,48
2019-5-21,44
2019-5-22,58
2019-5-23,105
2019-5-24,99
2019-5-25,115
2019-5-26,65
2019-5-27,44
2019-5-28,46
2019-5-29,74
2019-5-30,60
2019-5-31,37
2019-4-1,39
2019-4-2,57
2019-4-3,80
2019-4-4,106
2019-4-5,210
2019-4-6,137
2019-4-7,76
2019-4-8,62
2019-4-9,38
2019-4-10,44
2019-4-11,64
2019-4-12,82
2019-4-13,118
2019-4-14,56
2019-4-15,76
2019-4-16,98
2019-4-17,141
2019-4-18,124
2019-4-19,62
2019-4-20,56
2019-4-21,112
2019-4-22,127
2019-4-23,127
2019-4-24,66
2019-4-25,38
2019-4-26,44
2019-4-27,56
2019-4-28,64
2019-4-29,135
2019-4-30,94
2019-3-1,150
2019-3-2,235
2019-3-3,212
2019-3-4,141
2019-3-5,126
2019-3-6,37
2019-3-7,37
2019-3-8,81
2019-3-9,111
2019-3-10,144
2019-3-11,51
2019-3-12,36
2019-3-13,34
2019-3-14,39
2019-3-15,50
2019-3-16,56
2019-3-17,75
2019-3-18,130
2019-3-19,168
2019-3-20,93
2019-3-21,38
2019-3-22,35
2019-3-23,41
2019-3-24,68
2019-3-25,54
2019-3-26,84
2019-3-27,103
2019-3-28,59
2019-3-29,73
2019-3-30,36
2019-3-31,33
2019-2-1,67
2019-2-2,138
2019-2-3,115
2019-2-4,77
2019-2-5,153
2019-2-6,83
2019-2-7,35
2019-2-8,43
2019-2-9,31
2019-2-10,39
2019-2-11,55
2019-2-12,49
2019-2-13,39
2019-2-14,70
2019-2-15,35
2019-2-16,32
2019-2-17,33
2019-2-18,42
2019-2-19,115
2019-2-20,58
2019-2-21,120
2019-2-22,131
2019-2-23,168
2019-2-24,110
2019-2-25,70
2019-2-26,71
2019-2-27,118
2019-2-28,106
2019-1-1,53
2019-1-2,65
2019-1-3,163
2019-1-4,49
2019-1-5,31
2019-1-6,85
2019-1-7,57
2019-1-8,31
2019-1-9,59
2019-1-10,104
2019-1-11,136
2019-1-12,241
2019-1-13,159
2019-1-14,154
2019-1-15,54
2019-1-16,60
2019-1-17,66
2019-1-18,86
2019-1-19,34
2019-1-20,34
2019-1-21,53
2019-1-22,60
2019-1-23,47
2019-1-24,80
2019-1-25,35
2019-1-26,35
2019-1-27,90
2019-1-28,52
2019-1-29,135
2019-1-30,74
2019-1-31,33
2018-12-1,165
2018-12-2,233
2018-12-3,193
2018-12-4,61
2018-12-5,75
2018-12-6,37
2018-12-7,36
2018-12-8,38
2018-12-9,62
2018-12-10,78
2018-12-11,53
2018-12-12,54
2018-12-13,41
2018-12-14,71
2018-12-15,118
2018-12-16,101
2018-12-17,53
2018-12-18,52
2018-12-19,60
2018-12-20,81
2018-12-21,89
2018-12-28,41
2018-12-29,28
2018-12-30,31
2018-12-31,56
2018-11-1,70
2018-11-2,151
2018-11-3,210
2018-11-4,107
2018-11-5,29
2018-11-6,33
2018-11-7,52
2018-11-8,91
2018-11-9,63
2018-11-10,37
2018-11-11,70
2018-11-12,126
2018-11-13,222
2018-11-14,274
2018-11-15,92
2018-11-16,33
2018-11-17,67
2018-11-18,67
2018-11-19,77
2018-11-20,71
2018-11-21,44
2018-11-22,56
2018-11-23,92
2018-11-24,118
2018-11-25,117
2018-11-26,252
2018-11-27,192
2018-11-28,115
2018-11-29,104
2018-11-30,120
2018-10-1,31
2018-10-2,32
2018-10-3,37
2018-10-4,67
2018-10-5,105
2018-10-6,33
2018-10-7,35
2018-10-8,39
2018-10-9,23
2018-10-10,25
2018-10-11,32
2018-10-12,63
2018-10-13,107
2018-10-14,179
2018-10-15,200
2018-10-16,82
2018-10-17,54
2018-10-18,49
2018-10-19,60
2018-10-20,86
2018-10-21,144
2018-10-22,168
2018-10-23,38
2018-10-24,70
2018-10-25,112
2018-10-26,45
2018-10-27,34
2018-10-28,37
2018-10-29,24
2018-10-30,33
2018-10-31,48
2018-9-2,58
2018-9-3,46
2018-9-4,26
2018-9-5,37
2018-9-6,40
2018-9-7,25
2018-9-8,29
2018-9-9,55
2018-9-10,66
2018-9-11,71
2018-9-12,65
2018-9-13,109
2018-9-14,128
2018-9-15,39
2018-9-16,30
2018-9-17,42
2018-9-18,50
2018-9-19,53
2018-9-20,64
2018-9-21,48
2018-9-22,27
2018-9-23,29
2018-9-24,27
2018-9-25,47
2018-9-26,52
2018-9-27,85
2018-9-28,76
2018-9-29,22
2018-9-30,23
2018-8-1,109
2018-8-2,130
2018-8-3,100
2018-8-4,122
2018-8-5,67
2018-8-6,53
2018-8-7,86
2018-8-8,41
2018-8-9,67
2018-8-10,102
2018-8-11,69
2018-8-12,74
2018-8-13,66
2018-8-14,41
2018-8-15,37
2018-8-16,53
2018-8-17,100
2018-8-18,46
2018-8-19,40
2018-8-20,51
2018-8-21,44
2018-8-22,47
2018-8-23,51
2018-8-25,90
2018-8-27,114
2018-8-29,44
2018-8-31,62
2018-7-1,80
2018-7-2,72
2018-7-3,85
2018-7-4,112
2018-7-5,126
2018-7-6,92
2018-7-7,72
2018-7-8,81
2018-7-9,103
2018-7-10,49
2018-7-11,43
2018-7-12,44
2018-7-13,59
2018-7-14,80
2018-7-15,99
2018-7-16,45
2018-7-17,27
2018-7-18,105
2018-7-19,91
2018-7-20,114
2018-7-21,107
2018-7-22,69
2018-7-23,81
2018-7-24,27
2018-7-25,36
2018-7-26,48
2018-7-27,68
2018-7-28,94
2018-7-29,111
2018-7-30,116
2018-7-31,118
2018-6-1,91
2018-6-2,120
2018-6-3,92
2018-6-4,76
2018-6-5,110
2018-6-6,116
2018-6-7,71
2018-6-8,52
2018-6-9,52
2018-6-10,60
2018-6-11,88
2018-6-12,125
2018-6-13,77
2018-6-14,66
2018-6-15,130
2018-6-16,111
2018-6-17,77
2018-6-18,126
2018-6-19,92
2018-6-20,79
2018-6-21,91
2018-6-22,90
2018-6-23,128
2018-6-24,121
2018-6-25,109
2018-6-26,183
2018-6-27,57
2018-6-28,40
2018-6-29,71
2018-6-30,108
2018-5-1,125
2018-5-2,45
2018-5-3,50
2018-5-4,87
2018-5-5,179
2018-5-6,121
2018-5-7,102
2018-5-8,68
2018-5-9,86
2018-5-10,122
2018-5-11,105
2018-5-12,190
2018-5-13,72
2018-5-14,168
2018-5-15,95
2018-5-16,147
2018-5-17,64
2018-5-18,60
2018-5-19,78
2018-5-20,59
2018-5-21,82
2018-5-22,105
2018-5-23,142
2018-5-24,107
2018-5-25,111
2018-5-26,140
2018-5-27,89
2018-5-28,188
2018-5-29,46
2018-5-30,56
2018-5-31,97
2018-4-1,221
2018-4-2,283
2018-4-3,78
2018-4-4,34
2018-4-5,91
2018-4-5,91
2018-4-6,78
2018-4-7,52
2018-4-8,68
2018-4-9,112
2018-4-10,96
2018-4-11,50
2018-4-12,78
2018-4-13,64
2018-4-14,122
2018-4-15,66
2018-4-16,104
2018-4-17,142
2018-4-18,144
2018-4-19,170
2018-4-20,173
2018-4-21,102
2018-4-22,35
2018-4-23,41
2018-4-24,45
2018-4-25,61
2018-4-26,118
2018-4-27,111
2018-4-28,129
2018-4-29,196
2018-4-30,62
2018-3-1,48
2018-3-2,99
2018-3-3,217
2018-3-4,135
2018-3-5,92
2018-3-6,65
2018-3-7,64
2018-3-8,61
2018-3-9,136
2018-3-10,165
2018-3-11,83
2018-3-12,183
2018-3-13,289
2018-3-14,293
2018-3-15,69
2018-3-16,57
2018-3-17,82
2018-3-18,135
2018-3-19,101
2018-3-20,44
2018-3-21,78
2018-3-22,114
2018-3-23,146
2018-3-24,117
2018-3-25,76
2018-3-26,155
2018-3-27,245
2018-3-28,388
2018-3-29,115
2018-3-30,68
2018-3-31,128
2018-2-1,67
2018-2-2,35
2018-2-3,28
2018-2-4,37
2018-2-5,32
2018-2-6,61
2018-2-7,63
2018-2-8,69
2018-2-9,90
2018-2-10,41
2018-2-11,64
2018-2-12,52
2018-2-13,80
2018-2-14,43
2018-2-15,62
2018-2-16,105
2018-2-17,105
2018-2-18,148
2018-2-19,185
2018-2-20,72
2018-2-21,51
2018-2-22,44
2018-2-23,48
2018-2-24,63
2018-2-25,75
2018-2-26,159
2018-2-27,219
2018-2-28,133
2018-1-1,55
2018-1-2,46
2018-1-3,29
2018-1-4,28
2018-1-5,51
2018-1-6,29
2018-1-7,56
2018-1-8,51
2018-1-9,37
2018-1-10,32
2018-1-11,30
2018-1-12,77
2018-1-13,130
2018-1-14,177
2018-1-15,48
2018-1-16,114
2018-1-17,77
2018-1-18,87
2018-1-19,108
2018-1-20,61
2018-1-21,63
2018-1-22,45
2018-1-23,35
2018-1-24,36
2018-1-25,29
2018-1-26,39
2018-1-27,105
2018-1-28,56
2018-1-29,55
2018-1-30,36
2018-1-31,61
2017-12-1,91
2017-12-2,187
2017-12-3,79
2017-12-4,28
2017-12-5,44
2017-12-6,49
2017-12-7,27
2017-12-8,41
2017-12-9,56
2017-12-10,43
2017-12-11,28
2017-12-12,28
2017-12-13,49
2017-12-14,94
2017-12-15,62
2017-12-16,40
2017-12-17,46
2017-12-18,48
2017-12-19,55
2017-12-20,44
2017-12-21,74
2017-12-22,62
2017-12-23,50
2017-12-24,50
2017-12-25,46
2017-12-26,41
2017-12-27,101
2017-12-28,140
2017-12-29,221
2017-12-30,157
2017-12-31,55
2017-11-1,88
2017-11-2,75
2017-11-3,28
2017-11-4,56
2017-11-5,131
2017-11-6,200
2017-11-7,129
2017-11-8,41
2017-11-9,75
2017-11-10,40
2017-11-11,35
2017-11-12,75
2017-11-13,63
2017-11-14,30
2017-11-15,38
2017-11-16,76
2017-11-17,57
2017-11-18,54
2017-11-19,115
2017-11-20,135
2017-11-21,166
2017-11-22,35
2017-11-23,31
2017-11-24,40
2017-11-25,63
2017-11-26,36
2017-11-27,91
2017-11-28,75
2017-11-29,34
2017-11-30,45
2017-10-1,111
2017-10-2,42
2017-10-3,34
2017-10-5,74
2017-10-6,91
2017-10-7,146
2017-10-8,168
2017-10-9,45
2017-10-10,19
2017-10-11,22
2017-10-12,35
2017-10-13,53
2017-10-14,34
2017-10-15,64
2017-10-16,56
2017-10-17,92
2017-10-18,90
2017-10-19,74
2017-10-20,123
2017-10-21,103
2017-10-22,54
2017-10-23,49
2017-10-24,90
2017-10-25,141
2017-10-26,195
2017-10-27,217
2017-10-28,78
2017-10-29,27
2017-10-30,40
2017-10-31,83
2017-9-1,177
2017-9-2,148
2017-9-3,77
2017-9-4,117
2017-9-5,67
2017-9-6,47
2017-9-7,85
2017-9-8,139
2017-9-9,110
2017-9-10,121
2017-9-11,43
2017-9-12,50
2017-9-13,101
2017-9-14,125
2017-9-15,83
2017-9-16,116
2017-9-17,36
2017-9-18,61
2017-9-19,47
2017-9-20,47
2017-9-21,88
2017-9-22,69
2017-9-23,117
2017-9-24,100
2017-9-25,103
2017-9-26,74
2017-9-27,53
2017-9-28,33
2017-9-29,74
2017-9-30,144
2017-8-1,98
2017-8-2,51
2017-8-3,47
2017-8-4,68
2017-8-5,75
2017-8-6,53
2017-8-7,50
2017-8-8,96
2017-8-9,59
2017-8-10,90
2017-8-11,123
2017-8-12,46
2017-8-13,60
2017-8-14,52
2017-8-15,77
2017-8-16,87
2017-8-17,48
2017-8-18,76
2017-8-19,64
2017-8-20,84
2017-8-21,103
2017-8-22,104
2017-8-23,48
2017-8-24,41
2017-8-25,38
2017-8-26,50
2017-8-27,35
2017-8-28,36
2017-8-29,43
2017-8-30,74
2017-8-31,106
2017-7-1,137
2017-7-2,157
2017-7-3,88
2017-7-4,73
2017-7-5,117
2017-7-6,96
2017-7-7,65
2017-7-8,80
2017-7-9,125
2017-7-10,80
2017-7-11,118
2017-7-12,136
2017-7-13,101
2017-7-14,71
2017-7-15,71
2017-7-16,110
2017-7-17,84
2017-7-18,87
2017-7-19,101
2017-7-20,127
2017-7-21,43
2017-7-22,37
2017-7-23,60
2017-7-24,60
2017-7-25,58
2017-7-26,41
2017-7-27,58
2017-7-28,54
2017-7-29,63
2017-7-30,83
2017-7-31,128
2017-6-1,69
2017-6-2,59
2017-6-3,60
2017-6-4,95
2017-6-5,108
2017-6-6,55
2017-6-7,78
2017-6-8,54
2017-6-9,89
2017-6-10,65
2017-6-11,79
2017-6-12,71
2017-6-13,68
2017-6-14,83
2017-6-15,104
2017-6-16,115
2017-6-17,134
2017-6-18,130
2017-6-19,91
2017-6-20,96
2017-6-21,101
2017-6-22,58
2017-6-23,46
2017-6-24,40
2017-6-25,63
2017-6-26,69
2017-6-27,135
2017-6-28,138
2017-6-29,108
2017-6-30,127
2017-5-1,82
2017-5-2,95
2017-5-3,104
2017-5-4,420
2017-5-5,256
2017-5-6,71
2017-5-7,64
2017-5-8,84
2017-5-9,81
2017-5-10,64
2017-5-11,91
2017-5-12,109
2017-5-13,61
2017-5-14,47
2017-5-15,58
2017-5-16,87
2017-5-17,118
2017-5-18,144
2017-5-19,145
2017-5-20,115
2017-5-20,115
2017-5-21,93
2017-5-22,62
2017-5-23,48
2017-5-24,54
2017-5-25,70
2017-5-26,90
2017-5-27,110
2017-5-28,150
2017-5-29,74
2017-5-30,69
2017-5-31,117
2017-4-1,61
2017-4-2,90
2017-4-3,159
2017-4-4,175
2017-4-5,83
2017-4-6,126
2017-4-7,103
2017-4-8,113
2017-4-9,86
2017-4-10,90
2017-4-11,61
2017-4-12,68
2017-4-13,91
2017-4-14,93
2017-4-15,69
2017-4-16,134
2017-4-17,180
2017-4-18,65
2017-4-19,83
2017-4-20,72
2017-4-21,55
2017-4-22,85
2017-4-23,60
2017-4-23,60
2017-4-24,70
2017-4-25,39
2017-4-26,43
2017-4-27,45
2017-4-28,58
2017-4-29,75
2017-4-30,106
2017-3-1,44
2017-3-2,61
2017-3-3,110
2017-3-4,112
2017-3-5,45
2017-3-6,44
2017-3-7,36
2017-3-8,35
2017-3-9,35
2017-3-10,55
2017-3-11,74
2017-3-12,41
2017-3-13,37
2017-3-14,42
2017-3-15,84
2017-3-16,149
2017-3-17,159
2017-3-18,184
2017-3-19,272
2017-3-20,184
2017-3-21,113
2017-3-22,173
2017-3-23,163
2017-3-24,82
2017-3-25,55
2017-3-26,36
2017-3-27,37
2017-3-28,80
2017-3-29,145
2017-3-30,119
2017-3-31,48
2017-2-1,54
2017-2-2,107
2017-2-3,196
2017-2-4,294
2017-2-5,32
2017-2-6,35
2017-2-7,101
2017-2-8,60
2017-2-9,36
2017-2-10,38
2017-2-11,62
2017-2-12,138
2017-2-13,109
2017-2-14,225
2017-2-15,283
2017-2-16,145
2017-2-17,45
2017-2-18,111
2017-2-19,150
2017-2-20,39
2017-2-21,83
2017-2-22,106
2017-2-23,36
2017-2-24,43
2017-2-25,30
2017-2-26,44
2017-2-27,87
2017-2-28,34
2017-1-1,454
2017-1-2,220
2017-1-3,338
2017-1-4,393
2017-1-5,276
2017-1-6,245
2017-1-7,211
2017-1-8,54
2017-1-9,49
2017-1-10,44
2017-1-11,77
2017-1-12,59
2017-1-13,30
2017-1-14,35
2017-1-15,72
2017-1-16,123
2017-1-17,176
2017-1-18,53
2017-1-19,85
2017-1-20,40
2017-1-21,53
2017-1-22,36
2017-1-23,46
2017-1-24,114
2017-1-25,221
2017-1-26,203
2017-1-27,85
2017-1-28,364
2017-1-29,80
2017-1-30,47
2017-1-31,102
2016-12-1,47
2016-12-2,123
2016-12-3,232
2016-12-4,291
2016-12-5,78
2016-12-6,103
2016-12-7,159
2016-12-8,132
2016-12-9,37
2016-12-10,67
2016-12-11,204
2016-12-12,270
2016-12-13,78
2016-12-14,40
2016-12-15,51
2016-12-16,135
2016-12-17,229
2016-12-18,270
2016-12-19,265
2016-12-20,409
2016-12-21,429
2016-12-22,151
2016-12-23,47
2016-12-24,155
2016-12-25,191
2016-12-26,64
2016-12-27,54
2016-12-28,85
2016-12-29,75
2016-12-30,249
2016-12-31,329
2016-11-1,62
2016-11-2,132
2016-11-3,227
2016-11-4,293
2016-11-5,229
2016-11-6,96
2016-11-7,57
2016-11-8,55
2016-11-9,190
2016-11-10,170
2016-11-11,104
2016-11-12,99
2016-11-13,125
2016-11-14,78
2016-11-15,88
2016-11-16,129
2016-11-17,151
2016-11-18,239
2016-11-19,162
2016-11-20,73
2016-11-21,26
2016-11-22,28
2016-11-23,33
2016-11-24,94
2016-11-25,195
2016-11-26,306
2016-11-27,79
2016-11-28,81
2016-11-29,128
2016-11-30,123
2016-10-1,214
2016-10-2,234
2016-10-3,160
2016-10-4,56
2016-10-5,76
2016-10-6,97
2016-10-7,56
2016-10-8,29
2016-10-9,55
2016-10-10,117
2016-10-11,154
2016-10-12,103
2016-10-13,193
2016-10-14,292
2016-10-15,241
2016-10-16,158
2016-10-17,83
2016-10-18,154
2016-10-19,276
2016-10-20,126
2016-10-21,60
2016-10-22,24
2016-10-23,45
2016-10-24,88
2016-10-25,128
2016-10-26,76
2016-10-27,52
2016-10-28,28
2016-10-29,51
2016-10-30,66
2016-10-31,29
2016-9-1,33
2016-9-2,33
2016-9-3,42
2016-9-4,112
2016-9-5,49
2016-9-6,38
2016-9-7,73
2016-9-8,41
2016-9-9,40
2016-9-10,38
2016-9-11,53
2016-9-12,47
2016-9-13,115
2016-9-14,136
2016-9-15,96
2016-9-16,183
2016-9-17,61
2016-9-18,32
2016-9-19,27
2016-9-20,39
2016-9-21,89
2016-9-22,132
2016-9-23,160
2016-9-24,147
2016-9-25,210
2016-9-26,80
2016-9-27,44
2016-9-28,30
2016-9-29,76
2016-9-30,128
2016-8-1,90
2016-8-2,85
2016-8-3,101
2016-8-4,135
2016-8-5,90
2016-8-6,133
2016-8-7,43
2016-8-8,62
2016-8-9,84
2016-8-10,109
2016-8-11,114
2016-8-12,84
2016-8-13,36
2016-8-14,50
2016-8-15,42
2016-8-16,53
2016-8-17,82
2016-8-18,99
2016-8-19,39
2016-8-20,89
2016-8-21,107
2016-8-22,88
2016-8-23,93
2016-8-24,106
2016-8-25,43
2016-8-26,31
2016-8-27,39
2016-8-28,34
2016-8-29,48
2016-8-30,70
2016-8-31,41
2016-7-1,48
2016-7-2,90
2016-7-3,108
2016-7-4,178
2016-7-5,134
2016-7-6,124
2016-7-7,151
2016-7-8,126
2016-7-9,114
2016-7-10,139
2016-7-11,119
2016-7-12,56
2016-7-13,56
2016-7-14,62
2016-7-15,50
2016-7-16,51
2016-7-17,107
2016-7-18,141
2016-7-19,125
2016-7-20,57
2016-7-21,38
2016-7-22,103
2016-7-23,163
2016-7-24,90
2016-7-25,66
2016-7-26,46
2016-7-27,97
2016-7-28,77
2016-7-29,163
2016-7-30,199
2016-7-31,73
2016-6-1,71
2016-6-2,106
2016-6-3,114
2016-6-4,138
2016-6-5,120
2016-6-6,127
2016-6-7,87
2016-6-8,160
2016-6-9,163
2016-6-10,94
2016-6-11,42
2016-6-12,116
2016-6-13,66
2016-6-14,54
2016-6-15,49
2016-6-16,61
2016-6-17,52
2016-6-18,87
2016-6-19,112
2016-6-20,145
2016-6-21,135
2016-6-22,94
2016-6-23,108
2016-6-24,38
2016-6-25,41
2016-6-26,88
2016-6-27,83
2016-6-28,94
2016-6-29,145
2016-6-30,100
2016-5-1,242
2016-5-2,80
2016-5-3,56
2016-5-4,53
2016-5-5,95
2016-5-6,130
2016-5-7,49
2016-5-8,90
2016-5-9,58
2016-5-10,62
2016-5-11,191
2016-5-12,67
2016-5-13,58
2016-5-14,58
2016-5-15,56
2016-5-16,55
2016-5-17,103
2016-5-18,103
2016-5-19,139
2016-5-20,142
2016-5-21,122
2016-5-22,100
2016-5-23,107
2016-5-24,54
2016-5-25,58
2016-5-26,59
2016-5-27,84
2016-5-28,96
2016-5-29,66
2016-5-30,127
2016-5-31,95
2016-4-1,106
2016-4-2,37
2016-4-3,47
2016-4-4,96
2016-4-5,149
2016-4-6,175
2016-4-7,133
2016-4-8,67
2016-4-9,167
2016-4-10,123
2016-4-11,76
2016-4-12,102
2016-4-13,161
2016-4-14,74
2016-4-15,81
2016-4-16,64
2016-4-17,43
2016-4-18,43
2016-4-19,97
2016-4-20,91
2016-4-21,142
2016-4-22,80
2016-4-23,50
2016-4-24,117
2016-4-25,121
2016-4-26,103
2016-4-27,118
2016-4-28,121
2016-4-29,157
2016-4-30,209
2016-3-1,150
2016-3-2,206
2016-3-3,321
2016-3-4,376
2016-3-5,207
2016-3-6,114
2016-3-7,67
2016-3-8,35
2016-3-9,33
2016-3-10,46
2016-3-11,47
2016-3-12,140
2016-3-13,54
2016-3-14,99
2016-3-15,176
2016-3-16,295
2016-3-17,338
2016-3-18,220
2016-3-19,91
2016-3-20,86
2016-3-21,157
2016-3-22,155
2016-3-23,44
2016-3-24,34
2016-3-25,38
2016-3-26,36
2016-3-27,41
2016-3-28,139
2016-3-29,61
2016-3-30,55
2016-3-31,199
2016-2-1,27
2016-2-2,38
2016-2-3,50
2016-2-4,31
2016-2-5,38
2016-2-6,45
2016-2-7,66
2016-2-8,198
2016-2-9,56
2016-2-10,122
2016-2-11,206
2016-2-12,192
2016-2-13,29
2016-2-14,34
2016-2-15,44
2016-2-16,39
2016-2-17,59
2016-2-18,41
2016-2-19,38
2016-2-20,36
2016-2-21,101
2016-2-22,104
2016-2-23,36
2016-2-24,49
2016-2-25,43
2016-2-26,54
2016-2-27,33
2016-2-28,56
2016-2-29,50
2016-1-1,212
2016-1-2,303
2016-1-3,302
2016-1-4,62
2016-1-5,46
2016-1-6,45
2016-1-7,24
2016-1-8,46
2016-1-9,95
2016-1-10,73
2016-1-11,26
2016-1-12,29
2016-1-13,43
2016-1-14,89
2016-1-15,123
2016-1-16,166
2016-1-17,62
2016-1-18,42
2016-1-19,80
2016-1-20,149
2016-1-21,175
2016-1-22,45
2016-1-23,42
2016-1-24,52
2016-1-25,47
2016-1-26,56
2016-1-27,122
2016-1-28,157
2016-1-29,89
2016-1-30,67
2016-1-31,33
2015-12-1,478
2015-12-2,36
2015-12-3,25
2015-12-4,36
2015-12-5,72
2015-12-6,176
2015-12-7,233
2015-12-8,295
2015-12-9,297
2015-12-10,138
2015-12-11,57
2015-12-12,146
2015-12-13,203
2015-12-14,138
2015-12-15,26
2015-12-16,20
2015-12-17,66
2015-12-18,72
2015-12-19,162
2015-12-20,259
2015-12-21,280
2015-12-22,351
2015-12-23,303
2015-12-24,151
2015-12-25,468
2015-12-26,333
2015-12-27,65
2015-12-28,141
2015-12-29,310
2015-12-30,113
2015-12-31,86
2015-11-1,92
2015-11-2,102
2015-11-3,184
2015-11-4,250
2015-11-5,153
2015-11-6,29
2015-11-7,28
2015-11-8,77
2015-11-9,160
2015-11-10,166
2015-11-11,131
2015-11-12,190
2015-11-13,256
2015-11-14,309
2015-11-15,241
2015-11-16,78
2015-11-17,88
2015-11-18,88
2015-11-19,100
2015-11-20,97
2015-11-21,59
2015-11-22,69
2015-11-23,43
2015-11-24,57
2015-11-25,72
2015-11-26,52
2015-11-27,232
2015-11-28,303
2015-11-29,291
2015-11-30,364
2015-10-1,33
2015-10-2,58
2015-10-3,56
2015-10-4,136
2015-10-5,263
2015-10-6,335
2015-10-7,315
2015-10-8,31
2015-10-9,41
2015-10-10,23
2015-10-11,30
2015-10-12,36
2015-10-13,56
2015-10-14,124
2015-10-15,137
2015-10-16,237
2015-10-17,342
2015-10-18,79
2015-10-19,79
2015-10-20,103
2015-10-21,69
2015-10-22,43
2015-10-23,71
2015-10-24,77
2015-10-25,59
2015-10-26,61
2015-10-27,40
2015-10-28,19
2015-10-29,25
2015-10-30,41
2015-10-31,60
2015-9-1,27
2015-9-2,26
2015-9-3,39
2015-9-4,84
2015-9-5,40
2015-9-6,36
2015-9-7,51
2015-9-8,78
2015-9-9,55
2015-9-10,18
2015-9-11,22
2015-9-12,28
2015-9-13,47
2015-9-14,90
2015-9-15,135
2015-9-16,164
2015-9-17,194
2015-9-18,109
2015-9-19,33
2015-9-20,113
2015-9-21,130
2015-9-22,178
2015-9-23,44
2015-9-24,133
2015-9-25,41
2015-9-26,56
2015-9-27,72
2015-9-28,64
2015-9-29,60
2015-9-30,41
2015-8-1,88
2015-8-2,94
2015-8-3,91
2015-8-4,60
2015-8-5,98
2015-8-6,88
2015-8-7,132
2015-8-8,65
2015-8-9,98
2015-8-10,76
2015-8-11,140
2015-8-12,124
2015-8-13,170
2015-8-14,88
2015-8-15,57
2015-8-16,110
2015-8-17,131
2015-8-18,83
2015-8-19,75
2015-8-20,66
2015-8-21,55
2015-8-22,40
2015-8-23,44
2015-8-24,33
2015-8-25,33
2015-8-26,36
2015-8-27,32
2015-8-28,41
2015-8-29,70
2015-8-30,45
2015-8-31,39
2015-7-1,41
2015-7-2,29
2015-7-3,72
2015-7-4,61
2015-7-5,106
2015-7-6,119
2015-7-7,115
2015-7-8,173
2015-7-9,127
2015-7-10,96
2015-7-11,148
2015-7-12,170
2015-7-13,112
2015-7-14,103
2015-7-15,62
2015-7-16,54
2015-7-17,48
2015-7-18,72
2015-7-19,87
2015-7-20,111
2015-7-21,184
2015-7-22,95
2015-7-23,61
2015-7-24,80
2015-7-25,120
2015-7-26,145
2015-7-27,111
2015-7-28,76
2015-7-29,108
2015-7-30,68
2015-7-31,50
2015-6-1,128
2015-6-2,63
2015-6-3,79
2015-6-4,81
2015-6-5,71
2015-6-6,68
2015-6-7,42
2015-6-8,42
2015-6-9,82
2015-6-10,100
2015-6-11,42
2015-6-12,36
2015-6-13,46
2015-6-14,56
2015-6-15,130
2015-6-16,160
2015-6-17,79
2015-6-18,45
2015-6-19,35
2015-6-20,52
2015-6-21,94
2015-6-22,136
2015-6-23,234
2015-6-24,160
2015-6-25,164
2015-6-26,145
2015-6-27,124
2015-6-28,192
2015-6-29,154
2015-6-30,33
2015-5-1,162
2015-5-2,67
2015-5-3,86
2015-5-4,56
2015-5-5,75
2015-5-6,59
2015-5-7,90
2015-5-8,88
2015-5-9,57
2015-5-10,50
2015-5-11,42
2015-5-12,47
2015-5-13,95
2015-5-14,57
2015-5-15,47
2015-5-16,78
2015-5-17,167
2015-5-18,96
2015-5-19,51
2015-5-20,46
2015-5-21,71
2015-5-22,103
2015-5-23,142
2015-5-24,170
2015-5-25,155
2015-5-26,143
2015-5-27,135
2015-5-28,157
2015-5-29,95
2015-5-30,94
2015-5-31,102
2015-4-1,81
2015-4-2,55
2015-4-3,50
2015-4-4,85
2015-4-5,91
2015-4-6,40
2015-4-7,43
2015-4-8,129
2015-4-9,210
2015-4-10,191
2015-4-11,182
2015-4-12,40
2015-4-13,53
2015-4-14,75
2015-4-15,215
2015-4-16,105
2015-4-17,113
2015-4-18,181
2015-4-19,94
2015-4-20,93
2015-4-21,100
2015-4-22,76
2015-4-23,84
2015-4-24,103
2015-4-25,108
2015-4-26,144
2015-4-27,116
2015-4-28,63
2015-4-29,151
2015-4-30,159
2015-3-1,73
2015-3-2,86
2015-3-3,49
2015-3-4,42
2015-3-5,144
2015-3-6,246
2015-3-7,282
2015-3-8,170
2015-3-9,40
2015-3-10,48
2015-3-11,56
2015-3-12,83
2015-3-13,89
2015-3-14,129
2015-3-15,147
2015-3-16,255
2015-3-17,226
2015-3-18,71
2015-3-19,134
2015-3-20,125
2015-3-21,77
2015-3-22,77
2015-3-23,66
2015-3-24,106
2015-3-25,162
2015-3-26,140
2015-3-27,139
2015-3-28,188
2015-3-29,202
2015-3-30,220
2015-3-31,199
2015-2-1,103
2015-2-2,183
2015-2-3,155
2015-2-4,36
2015-2-5,45
2015-2-6,88
2015-2-7,37
2015-2-8,44
2015-2-9,143
2015-2-10,162
2015-2-11,62
2015-2-12,50
2015-2-13,157
2015-2-14,287
2015-2-15,335
2015-2-16,164
2015-2-17,42
2015-2-18,67
2015-2-19,265
2015-2-20,181
2015-2-21,279
2015-2-22,198
2015-2-23,94
2015-2-24,198
2015-2-25,104
2015-2-26,31
2015-2-27,40
2015-2-28,162
2015-1-1,61
2015-1-2,69
2015-1-3,194
2015-1-4,217
2015-1-5,154
2015-1-6,53
2015-1-7,85
2015-1-8,162
2015-1-9,99
2015-1-10,191
2015-1-11,56
2015-1-12,154
2015-1-13,203
2015-1-14,264
2015-1-15,372
2015-1-16,138
2015-1-17,83
2015-1-18,112
2015-1-19,66
2015-1-20,112
2015-1-21,33
2015-1-22,129
2015-1-23,257
2015-1-24,130
2015-1-25,175
2015-1-26,136
2015-1-27,33
2015-1-28,52
2015-1-29,89
2015-1-30,27
2015-1-31,43
2014-12-1,55
2014-12-2,25
2014-12-3,56
2014-12-4,33
2014-12-5,42
2014-12-6,82
2014-12-7,74
2014-12-8,78
2014-12-9,267
2014-12-10,185
2014-12-11,39
2014-12-12,41
2014-12-13,64
2014-12-14,108
2014-12-15,108
2014-12-16,33
2014-12-17,94
2014-12-18,186
2014-12-19,57
2014-12-20,22
2014-12-21,39
2014-12-22,94
2014-12-23,99
2014-12-24,31
2014-12-25,42
2014-12-26,154
2014-12-27,234
2014-12-28,160
2014-12-29,134
2014-12-30,52
2014-12-31,46
2014-11-1,85
2014-11-2,29
2014-11-3,51
2014-11-4,126
2014-11-5,125
2014-11-6,34
2014-11-7,61
2014-11-8,91
2014-11-9,79
2014-11-10,92
2014-11-11,70
2014-11-12,42
2014-11-13,44
2014-11-14,54
2014-11-15,124
2014-11-16,105
2014-11-17,38
2014-11-18,78
2014-11-19,267
2014-11-20,342
2014-11-21,215
2014-11-22,50
2014-11-23,155
2014-11-24,103
2014-11-25,177
2014-11-26,279
2014-11-27,101
2014-11-28,113
2014-11-29,269
2014-11-30,209
2014-10-1,91
2014-10-2,75
2014-10-3,119
2014-10-4,101
2014-10-5,48
2014-10-6,47
2014-10-7,179
2014-10-8,309
2014-10-9,380
2014-10-10,351
2014-10-11,233
2014-10-12,25
2014-10-13,29
2014-10-14,72
2014-10-15,81
2014-10-16,73
2014-10-17,127
2014-10-18,194
2014-10-19,289
2014-10-20,254
2014-10-21,67
2014-10-22,100
2014-10-23,154
2014-10-24,263
2014-10-25,341
2014-10-26,85
2014-10-27,50
2014-10-28,84
2014-10-29,138
2014-10-30,203
2014-10-31,201
2014-9-1,126
2014-9-2,36
2014-9-3,36
2014-9-4,70
2014-9-5,120
2014-9-6,183
2014-9-7,196
2014-9-8,46
2014-9-9,75
2014-9-10,97
2014-9-11,109
2014-9-12,98
2014-9-13,93
2014-9-14,69
2014-9-15,45
2014-9-16,71
2014-9-17,75
2014-9-18,88
2014-9-19,102
2014-9-20,159
2014-9-21,134
2014-9-22,124
2014-9-23,66
2014-9-24,49
2014-9-25,139
2014-9-26,162
2014-9-27,51
2014-9-28,84
2014-9-29,78
2014-9-30,48
2014-8-1,196
2014-8-2,164
2014-8-3,151
2014-8-4,50
2014-8-5,48
2014-8-6,59
2014-8-7,114
2014-8-9,133
2014-8-10,78
2014-8-11,51
2014-8-12,70
2014-8-13,45
2014-8-14,61
2014-8-15,73
2014-8-16,97
2014-8-17,96
2014-8-18,88
2014-8-19,129
2014-8-20,143
2014-8-21,178
2014-8-23,142
2014-8-24,46
2014-8-25,45
2014-8-26,64
2014-8-27,90
2014-8-28,104
2014-8-29,98
2014-8-30,170
2014-8-31,87
2014-7-1,124
2014-7-2,84
2014-7-3,238
2014-7-4,237
2014-7-5,167
2014-7-6,253
2014-7-7,210
2014-7-8,150
2014-7-9,59
2014-7-10,78
2014-7-11,60
2014-7-12,49
2014-7-13,49
2014-7-14,91
2014-7-15,111
2014-7-16,117
2014-7-17,173
2014-7-18,185
2014-7-19,116
2014-7-20,97
2014-7-21,51
2014-7-22,39
2014-7-23,63
2014-7-24,86
2014-7-25,109
2014-7-26,155
2014-7-27,160
2014-7-28,168
2014-7-29,164
2014-7-30,160
2014-7-31,244
2014-6-1,88
2014-6-2,62
2014-6-3,75
2014-6-4,98
2014-6-5,111
2014-6-6,88
2014-6-7,37
2014-6-8,56
2014-6-9,58
2014-6-10,90
2014-6-11,69
2014-6-12,63
2014-6-13,100
2014-6-14,83
2014-6-15,149
2014-6-16,167
2014-6-17,120
2014-6-18,87
2014-6-19,158
2014-6-20,71
2014-6-21,100
2014-6-22,59
2014-6-23,64
2014-6-24,97
2014-6-25,134
2014-6-26,173
2014-6-27,47
2014-6-28,50
2014-6-29,84
2014-6-30,121
2014-5-1,166
2014-5-2,48
2014-5-3,94
2014-5-4,55
2014-5-5,50
2014-5-6,99
2014-5-7,95
2014-5-8,102
2014-5-9,88
2014-5-10,72
2014-5-11,45
2014-5-12,60
2014-5-13,89
2014-5-14,55
2014-5-15,116
2014-5-16,92
2014-5-17,98
2014-5-18,112
2014-5-19,140
2014-5-20,121
2014-5-21,142
2014-5-22,191
2014-5-23,127
2014-5-24,101
2014-5-25,121
2014-5-26,65
2014-5-27,105
2014-5-28,80
2014-5-29,97
2014-5-30,140
2014-5-31,157
2014-4-1,140
2014-4-2,131
2014-4-3,63
2014-4-4,91
2014-4-5,64
2014-4-6,97
2014-4-7,133
2014-4-8,224
2014-4-9,194
2014-4-10,271
2014-4-11,88
2014-4-12,131
2014-4-13,197
2014-4-14,284
2014-4-15,132
2014-4-16,83
2014-4-17,121
2014-4-18,181
2014-4-19,83
2014-4-20,82
2014-4-21,68
2014-4-22,80
2014-4-23,149
2014-4-24,152
2014-4-25,175
2014-4-26,65
2014-4-27,74
2014-4-28,84
2014-4-29,118
2014-4-30,139
2014-3-1,57
2014-3-2,175
2014-3-3,267
2014-3-4,88
2014-3-5,38
2014-3-6,36
2014-3-7,63
2014-3-8,191
2014-3-9,126
2014-3-10,108
2014-3-11,207
2014-3-12,36
2014-3-13,58
2014-3-14,62
2014-3-15,128
2014-3-16,151
2014-3-17,181
2014-3-18,86
2014-3-19,75
2014-3-20,37
2014-3-21,54
2014-3-22,82
2014-3-23,166
2014-3-25,241
2014-3-26,322
2014-3-27,294
2014-3-28,169
2014-3-29,72
2014-3-30,63
2014-3-31,172
2014-2-1,179
2014-2-2,105
2014-2-3,40
2014-2-4,50
2014-2-5,116
2014-2-6,158
2014-2-7,124
2014-2-8,102
2014-2-9,29
2014-2-10,35
2014-2-11,133
2014-2-12,150
2014-2-13,241
2014-2-14,311
2014-2-15,424
2014-2-16,339
2014-2-17,137
2014-2-18,95
2014-2-19,89
2014-2-20,208
2014-2-21,308
2014-2-22,313
2014-2-23,262
2014-2-24,309
2014-2-25,402
2014-2-26,330
2014-2-27,31
2014-2-28,106
2014-1-1,86
2014-1-2,117
2014-1-3,80
2014-1-4,153
2014-1-5,119
2014-1-6,184
2014-1-7,143
2014-1-8,29
2014-1-9,43
2014-1-10,87
2014-1-11,143
2014-1-12,42
2014-1-13,110
2014-1-14,109
2014-1-15,148
2014-1-16,381
2014-1-17,211
2014-1-18,104
2014-1-19,177
2014-1-20,37
2014-1-21,51
2014-1-22,153
2014-1-24,185
2014-1-25,40
2014-1-26,77
2014-1-27,128
2014-1-28,61
2014-1-29,155
2014-1-30,93
2014-1-31,184
2013-12-1,56
2013-12-2,109
2013-12-3,113
2013-12-4,99
2013-12-5,83
2013-12-6,93
2013-12-7,233
2013-12-8,341
2013-12-9,97
2013-12-10,36
2013-12-11,33
2013-12-12,36
2013-12-13,41
2013-12-14,64
2013-12-15,61
2013-12-16,92
2013-12-17,137
2013-12-18,32
2013-12-19,49
2013-12-20,63
2013-12-21,50
2013-12-22,132
2013-12-23,199
2013-12-24,202
2013-12-25,278
2013-12-26,91
2013-12-27,24
2013-12-28,39
2013-12-29,58
2013-12-30,74
2013-12-31,93
2013-11-1,231
2013-11-2,294
2013-11-3,80
2013-11-4,57
2013-11-5,184
2013-11-6,189
2013-11-7,59
2013-11-8,106
2013-11-9,178
2013-11-10,53
2013-11-11,47
2013-11-12,77
2013-11-13,114
2013-11-14,170
2013-11-15,95
2013-11-16,109
2013-11-17,33
2013-11-18,19
2013-11-19,22
2013-11-20,74
2013-11-21,92
2013-11-22,134
2013-11-23,212
2013-11-24,169
2013-11-25,59
2013-11-26,37
2013-11-27,42
2013-11-28,31
2013-11-29,56
2013-11-30,70
2013-10-28,306
2013-10-29,62
2013-10-30,99
2013-10-31,176
